sample,issue,count
Train/img_0002.jpg,out_of_bounds_points,1
Train/img_0006.jpg,out_of_bounds_points,1
Train/img_0007.jpg,out_of_bounds_points,1
Train/img_0017.jpg,out_of_bounds_points,2
Train/img_0018.jpg,out_of_bounds_points,1
Train/img_0019.jpg,out_of_bounds_points,3
Train/img_0020.jpg,out_of_bounds_points,1
Train/img_0031.jpg,out_of_bounds_points,1
Train/img_0034.jpg,out_of_bounds_points,1
Train/img_0044.jpg,out_of_bounds_points,2
Train/img_0048.jpg,out_of_bounds_points,1
Train/img_0070.jpg,out_of_bounds_points,2
Train/img_0075.jpg,out_of_bounds_points,4
Train/img_0078.jpg,out_of_bounds_points,1
Train/img_0098.jpg,out_of_bounds_points,1
Train/img_0119.jpg,out_of_bounds_points,1
Train/img_0126.jpg,out_of_bounds_points,2
Train/img_0137.jpg,out_of_bounds_points,1
Train/img_0141.jpg,out_of_bounds_points,1
Train/img_0173.jpg,out_of_bounds_points,1
Train/img_0187.jpg,out_of_bounds_points,1
Train/img_0191.jpg,quarantined,1
Train/img_0200.jpg,out_of_bounds_points,1
Train/img_0214.jpg,out_of_bounds_points,1
Train/img_0218.jpg,out_of_bounds_points,3
Train/img_0232.jpg,out_of_bounds_points,1
Train/img_0237.jpg,out_of_bounds_points,1
Train/img_0240.jpg,out_of_bounds_points,1
Train/img_0241.jpg,out_of_bounds_points,1
Train/img_0248.jpg,out_of_bounds_points,1
Train/img_0249.jpg,out_of_bounds_points,1
Train/img_0268.jpg,out_of_bounds_points,1
Train/img_0272.jpg,out_of_bounds_points,4
Train/img_0276.jpg,out_of_bounds_points,1
Train/img_0284.jpg,out_of_bounds_points,2
Train/img_0291.jpg,out_of_bounds_points,1
Train/img_0304.jpg,out_of_bounds_points,3
Train/img_0311.jpg,out_of_bounds_points,1
Train/img_0330.jpg,out_of_bounds_points,1
Train/img_0331.jpg,out_of_bounds_points,1
Train/img_0334.jpg,out_of_bounds_points,1
Train/img_0340.jpg,out_of_bounds_points,8
Train/img_0343.jpg,out_of_bounds_points,1
Train/img_0344.jpg,out_of_bounds_points,2
Train/img_0345.jpg,out_of_bounds_points,3
Train/img_0346.jpg,out_of_bounds_points,6
Train/img_0349.jpg,out_of_bounds_points,1
Train/img_0351.jpg,out_of_bounds_points,1
Train/img_0352.jpg,out_of_bounds_points,1
Train/img_0353.jpg,out_of_bounds_points,4
Train/img_0359.jpg,out_of_bounds_points,1
Train/img_0365.jpg,out_of_bounds_points,1
Train/img_0366.jpg,out_of_bounds_points,1
Train/img_0371.jpg,out_of_bounds_points,1
Train/img_0375.jpg,out_of_bounds_points,4
Train/img_0385.jpg,out_of_bounds_points,1
Train/img_0395.jpg,out_of_bounds_points,1
Train/img_0416.jpg,out_of_bounds_points,1
Train/img_0418.jpg,out_of_bounds_points,1
Train/img_0424.jpg,out_of_bounds_points,1
Train/img_0427.jpg,out_of_bounds_points,1
Train/img_0436.jpg,out_of_bounds_points,1
Train/img_0443.jpg,out_of_bounds_points,1
Train/img_0446.jpg,out_of_bounds_points,1
Train/img_0447.jpg,out_of_bounds_points,1
Train/img_0452.jpg,out_of_bounds_points,2
Train/img_0457.jpg,out_of_bounds_points,1
Train/img_0490.jpg,out_of_bounds_points,1
Train/img_0494.jpg,out_of_bounds_points,2
Train/img_0495.jpg,out_of_bounds_points,3
Train/img_0499.jpg,out_of_bounds_points,1
Train/img_0509.jpg,out_of_bounds_points,1
Train/img_0517.jpg,out_of_bounds_points,1
Train/img_0523.jpg,out_of_bounds_points,1
Train/img_0526.jpg,out_of_bounds_points,1
Train/img_0531.jpg,out_of_bounds_points,1
Train/img_0542.jpg,out_of_bounds_points,1
Train/img_0543.jpg,out_of_bounds_points,1
Train/img_0547.jpg,out_of_bounds_points,2
Train/img_0549.jpg,out_of_bounds_points,1
Train/img_0558.jpg,out_of_bounds_points,1
Train/img_0561.jpg,out_of_bounds_points,2
Train/img_0562.jpg,out_of_bounds_points,1
Train/img_0564.jpg,out_of_bounds_points,1
Train/img_0578.jpg,out_of_bounds_points,1
Train/img_0587.jpg,out_of_bounds_points,1
Train/img_0596.jpg,out_of_bounds_points,1
Train/img_0610.jpg,out_of_bounds_points,1
Train/img_0611.jpg,out_of_bounds_points,1
Train/img_0614.jpg,out_of_bounds_points,1
Train/img_0621.jpg,out_of_bounds_points,1
Train/img_0622.jpg,out_of_bounds_points,1
Train/img_0624.jpg,out_of_bounds_points,1
Train/img_0628.jpg,out_of_bounds_points,4
Train/img_0632.jpg,out_of_bounds_points,1
Train/img_0639.jpg,out_of_bounds_points,1
Train/img_0642.jpg,out_of_bounds_points,1
Train/img_0648.jpg,out_of_bounds_points,1
Train/img_0649.jpg,out_of_bounds_points,1
Train/img_0650.jpg,out_of_bounds_points,3
Train/img_0653.jpg,out_of_bounds_points,1
Train/img_0657.jpg,out_of_bounds_points,1
Train/img_0662.jpg,out_of_bounds_points,2
Train/img_0667.jpg,out_of_bounds_points,1
Train/img_0680.jpg,out_of_bounds_points,1
Train/img_0683.jpg,out_of_bounds_points,1
Train/img_0684.jpg,out_of_bounds_points,1
Train/img_0685.jpg,out_of_bounds_points,4
Train/img_0701.jpg,out_of_bounds_points,1
Train/img_0703.jpg,out_of_bounds_points,1
Train/img_0726.jpg,out_of_bounds_points,1
Train/img_0727.jpg,out_of_bounds_points,3
Train/img_0730.jpg,out_of_bounds_points,1
Train/img_0735.jpg,out_of_bounds_points,1
Train/img_0736.jpg,out_of_bounds_points,1
Train/img_0739.jpg,out_of_bounds_points,3
Train/img_0744.jpg,out_of_bounds_points,1
Train/img_0750.jpg,out_of_bounds_points,1
Train/img_0761.jpg,out_of_bounds_points,1
Train/img_0763.jpg,out_of_bounds_points,1
Train/img_0764.jpg,out_of_bounds_points,1
Train/img_0794.jpg,out_of_bounds_points,1
Train/img_0797.jpg,out_of_bounds_points,1
Train/img_0799.jpg,out_of_bounds_points,1
Train/img_0828.jpg,out_of_bounds_points,1
Train/img_0830.jpg,out_of_bounds_points,1
Train/img_0838.jpg,out_of_bounds_points,1
Train/img_0846.jpg,out_of_bounds_points,1
Train/img_0848.jpg,out_of_bounds_points,1
Train/img_0854.jpg,out_of_bounds_points,2
Train/img_0855.jpg,out_of_bounds_points,1
Train/img_0859.jpg,out_of_bounds_points,1
Train/img_0869.jpg,out_of_bounds_points,2
Train/img_0874.jpg,out_of_bounds_points,2
Train/img_0879.jpg,out_of_bounds_points,2
Train/img_0884.jpg,out_of_bounds_points,12
Train/img_0890.jpg,out_of_bounds_points,2
Train/img_0894.jpg,out_of_bounds_points,1
Train/img_0900.jpg,out_of_bounds_points,1
Train/img_0901.jpg,out_of_bounds_points,2
Train/img_0907.jpg,out_of_bounds_points,1
Train/img_0916.jpg,out_of_bounds_points,3
Train/img_0924.jpg,out_of_bounds_points,1
Train/img_0926.jpg,out_of_bounds_points,1
Train/img_0929.jpg,out_of_bounds_points,1
Train/img_0931.jpg,out_of_bounds_points,5
Train/img_0932.jpg,out_of_bounds_points,2
Train/img_0933.jpg,out_of_bounds_points,1
Train/img_0934.jpg,out_of_bounds_points,2
Train/img_0935.jpg,out_of_bounds_points,1
Train/img_0936.jpg,out_of_bounds_points,2
Train/img_0937.jpg,out_of_bounds_points,2
Train/img_0947.jpg,out_of_bounds_points,1
Train/img_0949.jpg,out_of_bounds_points,1
Train/img_0950.jpg,out_of_bounds_points,1
Train/img_0951.jpg,out_of_bounds_points,1
Train/img_0959.jpg,out_of_bounds_points,1
Train/img_0974.jpg,out_of_bounds_points,1
Train/img_0986.jpg,out_of_bounds_points,1
Train/img_0987.jpg,out_of_bounds_points,1
Train/img_0999.jpg,out_of_bounds_points,1
Train/img_1004.jpg,out_of_bounds_points,1
Train/img_1007.jpg,out_of_bounds_points,1
Train/img_1014.jpg,out_of_bounds_points,1
Train/img_1026.jpg,out_of_bounds_points,1
Train/img_1037.jpg,out_of_bounds_points,2
Train/img_1038.jpg,out_of_bounds_points,1
Train/img_1039.jpg,out_of_bounds_points,1
Train/img_1042.jpg,out_of_bounds_points,3
Train/img_1044.jpg,out_of_bounds_points,2
Train/img_1058.jpg,out_of_bounds_points,1
Train/img_1060.jpg,out_of_bounds_points,1
Train/img_1062.jpg,out_of_bounds_points,1
Train/img_1066.jpg,quarantined,1
Train/img_1070.jpg,quarantined,1
Train/img_1071.jpg,out_of_bounds_points,1
Train/img_1074.jpg,out_of_bounds_points,37
Train/img_1077.jpg,out_of_bounds_points,3
Train/img_1078.jpg,out_of_bounds_points,1
Train/img_1079.jpg,out_of_bounds_points,1
Train/img_1082.jpg,out_of_bounds_points,2
Train/img_1085.jpg,out_of_bounds_points,1
Train/img_1086.jpg,out_of_bounds_points,1
Train/img_1087.jpg,out_of_bounds_points,3
Train/img_1089.jpg,out_of_bounds_points,1
Train/img_1091.jpg,out_of_bounds_points,1
Train/img_1095.jpg,out_of_bounds_points,1
Train/img_1100.jpg,out_of_bounds_points,2
Train/img_1108.jpg,out_of_bounds_points,1
Train/img_1109.jpg,out_of_bounds_points,1
Train/img_1111.jpg,out_of_bounds_points,1
Train/img_1119.jpg,out_of_bounds_points,1
Train/img_1122.jpg,out_of_bounds_points,1
Train/img_1124.jpg,out_of_bounds_points,1
Train/img_1128.jpg,out_of_bounds_points,2
Train/img_1138.jpg,out_of_bounds_points,1
Train/img_1141.jpg,out_of_bounds_points,1
Train/img_1150.jpg,out_of_bounds_points,1
Train/img_1152.jpg,out_of_bounds_points,1
Train/img_1153.jpg,out_of_bounds_points,1
Train/img_1161.jpg,out_of_bounds_points,2
Train/img_1165.jpg,out_of_bounds_points,1
Train/img_1170.jpg,out_of_bounds_points,2
Train/img_1176.jpg,out_of_bounds_points,1
Train/img_1177.jpg,out_of_bounds_points,2
Train/img_1192.jpg,out_of_bounds_points,1
Train/img_1194.jpg,out_of_bounds_points,2
Train/img_1195.jpg,out_of_bounds_points,1
Train/img_1196.jpg,out_of_bounds_points,1
Train/img_1198.jpg,out_of_bounds_points,2
Train/img_1201.jpg,out_of_bounds_points,2
Test/img_0001.jpg,out_of_bounds_points,2
Test/img_0010.jpg,out_of_bounds_points,2
Test/img_0025.jpg,out_of_bounds_points,1
Test/img_0053.jpg,out_of_bounds_points,1
Test/img_0061.jpg,out_of_bounds_points,2
Test/img_0070.jpg,out_of_bounds_points,1
Test/img_0099.jpg,out_of_bounds_points,2
Test/img_0100.jpg,out_of_bounds_points,1
Test/img_0107.jpg,out_of_bounds_points,1
Test/img_0110.jpg,out_of_bounds_points,1
Test/img_0114.jpg,out_of_bounds_points,1
Test/img_0116.jpg,out_of_bounds_points,1
Test/img_0117.jpg,out_of_bounds_points,1
Test/img_0145.jpg,out_of_bounds_points,1
Test/img_0152.jpg,out_of_bounds_points,1
Test/img_0156.jpg,out_of_bounds_points,2
Test/img_0157.jpg,out_of_bounds_points,1
Test/img_0179.jpg,out_of_bounds_points,1
Test/img_0183.jpg,out_of_bounds_points,1
Test/img_0184.jpg,out_of_bounds_points,1
Test/img_0197.jpg,out_of_bounds_points,1
Test/img_0201.jpg,out_of_bounds_points,1
Test/img_0220.jpg,out_of_bounds_points,1
Test/img_0231.jpg,out_of_bounds_points,1
Test/img_0242.jpg,out_of_bounds_points,1
Test/img_0243.jpg,out_of_bounds_points,1
Test/img_0244.jpg,out_of_bounds_points,1
Test/img_0246.jpg,out_of_bounds_points,1
Test/img_0256.jpg,out_of_bounds_points,1
Test/img_0257.jpg,out_of_bounds_points,1
Test/img_0259.jpg,out_of_bounds_points,1
Test/img_0260.jpg,out_of_bounds_points,1
Test/img_0267.jpg,out_of_bounds_points,2
Test/img_0269.jpg,out_of_bounds_points,2
Test/img_0271.jpg,out_of_bounds_points,1
Test/img_0276.jpg,out_of_bounds_points,2
Test/img_0279.jpg,out_of_bounds_points,1
Test/img_0281.jpg,out_of_bounds_points,1
Test/img_0286.jpg,out_of_bounds_points,2
Test/img_0290.jpg,out_of_bounds_points,1
Test/img_0294.jpg,out_of_bounds_points,2
Test/img_0302.jpg,out_of_bounds_points,3
Test/img_0306.jpg,out_of_bounds_points,1
Test/img_0313.jpg,out_of_bounds_points,1
Test/img_0321.jpg,out_of_bounds_points,1
