video_id,original_filename,extension,relative_path,size_bytes,size_mb,size_gb,resolution,display_resolution,fps_measured,fps_nominal,duration_seconds,total_frames,video_codec,video_codec_fourcc,audio_present,audio_codec_fourcc,orientation,rotation_degrees,video_bitrate_estimated_bps,container_bitrate_calculated_bps,filesystem_created,filesystem_modified,embedded_creation_date,sha256,video_openable,video_decode_complete,decode_error,first_frame_pts_seconds,last_frame_pts_seconds,min_frame_interval_seconds,max_frame_interval_seconds,nonmonotonic_timestamps,duplicate_of,original_unchanged,location,scenario,commercial_case,notes,status,warnings,frame_entry,frame_exit,temporal_presence,stopping,trajectory_crossing,occlusion,queue,flow_level,density_level,camera_motion,tracking_suitability,roi_suitability,candidate_status,camera_position,roi_entry_exit,commercial_dwell,location_source,captured_by,source,raw_sha256,distribution_sha256,repo_lfs_path,privacy_transformation,geolocation_removed,encoded_media_identical,raw_source_relative_path
VID_001,IMG_1556.MOV,.MOV,data/pilot_videos/universidad_lima/IMG_1556.MOV,596374384,596.374384,0.596374384,3840x2160,3840x2160,29.999193136,29.999193192,185.938333333,5578,HEVC/H.265,hvc1,true,aac;apac,landscape,0,25025254,25659018.162,2026-09-10T14:19:07-05:00,2026-09-10T14:19:07-05:00,2026-09-10T14:19:07-0500,a72986309adcd20c2ceb74d2bf0ec15be706d09563236e3a25b7b7c6f135fafa,true,true,,0,185.905,0.03166666666666629,0.0350000000000108,0,,true,Universidad de Lima,"Senderos, escaleras y jardines entre edificios",,figuras lejanas y pérgolas dificultan continuidad; las líneas estrechas requieren revisar su alineación con el movimiento de cámara.,distribution_verified_staged,,confirmed,confirmed,uncertain,uncertain,confirmed,confirmed,not_observed,medio,baja,Movimiento leve y ajustes de encuadre,medium,medium,candidate,elevada,not_annotated,not_annotated,user_confirmed,José Ortega,Captura propia para Proyecto LAP,c977e41abe2ff9f34aa28de523512db09eca2b7b7aec1bd6b3615291e0676d7d,a72986309adcd20c2ceb74d2bf0ec15be706d09563236e3a25b7b7c6f135fafa,data/pilot_videos/universidad_lima/IMG_1556.MOV,location_metadata_removed,true,true,raw/universidad_lima/IMG_1556.MOV
VID_002,IMG_1558.MOV,.MOV,data/pilot_videos/universidad_lima/IMG_1558.MOV,403586418,403.586418,0.403586418,3840x2160,3840x2160,29.999204265,29.999204636,125.703333333,3771,HEVC/H.265,hvc1,true,aac;apac,landscape,0,25034852,25685009.764,2026-09-10T14:25:12-05:00,2026-09-10T14:25:12-05:00,2026-09-10T14:25:12-0500,633b51f56e1524ccfd0292b6cd93690f73bf89a341db2f1f2885ebd3ba5b10ba,true,true,,0,125.67,0.03166666666666629,0.0350000000000108,0,,true,Universidad de Lima,Patio y senderos frente a edificio,,personas pequeñas y árbol central limitan visibilidad; considerar solo sectores despejados y excluir ventanas de una futura ROI.,distribution_verified_staged,,confirmed,confirmed,confirmed,uncertain,uncertain,confirmed,not_observed,bajo,baja,Movimiento leve y cambios de inclinación,low,medium,candidate,elevada,not_annotated,not_annotated,user_confirmed,José Ortega,Captura propia para Proyecto LAP,10d9befb9ef122c10071e321e961f3af25b4b2d2187cdd65535527c0e1eca5cc,633b51f56e1524ccfd0292b6cd93690f73bf89a341db2f1f2885ebd3ba5b10ba,data/pilot_videos/universidad_lima/IMG_1558.MOV,location_metadata_removed,true,true,raw/universidad_lima/IMG_1558.MOV
VID_003,IMG_1559.MOV,.MOV,data/pilot_videos/universidad_lima/IMG_1559.MOV,654924068,654.924068,0.654924068,3840x2160,3840x2160,29.999265564,29.999265671,204.271666667,6128,HEVC/H.265,hvc1,true,aac;apac,landscape,0,25013970,25649139.842,2026-09-10T14:41:45-05:00,2026-09-10T14:41:45-05:00,2026-09-10T14:41:45-0500,c023720bed761600dd8ba0f8b8f8feeef34094e4d0f384b285120c824346c6ba,true,true,,0,204.23833333333334,0.03166666666666629,0.0350000000000108,0,,true,Universidad de Lima,"Terraza con mesas, sombrillas y circulación lateral",,sombrillas y mobiliario producen oclusiones; la presencia de personas sentadas no confirma permanencia comercial.,distribution_verified_staged,,confirmed,confirmed,confirmed,uncertain,uncertain,confirmed,not_observed,bajo,media,Deriva leve y reencuadre,low,medium,candidate,elevada,not_annotated,not_annotated,user_confirmed,José Ortega,Captura propia para Proyecto LAP,690819e6c18a04e20f7b6af5e302528457fb5bbf68027e2de13dc59ec967a670,c023720bed761600dd8ba0f8b8f8feeef34094e4d0f384b285120c824346c6ba,data/pilot_videos/universidad_lima/IMG_1559.MOV,location_metadata_removed,true,true,raw/universidad_lima/IMG_1559.MOV
VID_004,IMG_1565.MOV,.MOV,data/pilot_videos/universidad_lima/IMG_1565.MOV,17999960,17.99996,0.01799996,3840x2160,3840x2160,30,30,5.5,165,HEVC/H.265,hvc1,true,aac;apac,landscape,0,25539704,26181760,2026-09-10T14:59:24-05:00,2026-09-10T14:59:24-05:00,2026-09-10T14:59:24-0500,9168593a89a88e2d97a42f6b64c60628ef17c837d1f92e02ef8e8d465b878d1a,true,true,,0,5.466666666666667,0.033333333333333215,0.0333333333333341,0,,true,Universidad de Lima,Acceso a edificio y plaza con vegetación,,"aproximadamente 5.5 s; conservar como candidato limitado para pruebas breves, sin usarlo como clip principal de continuidad o permanencia. La presencia temporal confirmada se limita al breve intervalo visible.",distribution_verified_staged,,uncertain,uncertain,confirmed,not_observed,uncertain,confirmed,not_observed,medio,baja,Reencuadre e inclinación perceptibles,low,low,limited_candidate,elevada,not_annotated,not_annotated,user_confirmed,José Ortega,Captura propia para Proyecto LAP,b654543c913e48d241f08bec7cb80b09d9934bcd376e543e2ae16f27e611d067,9168593a89a88e2d97a42f6b64c60628ef17c837d1f92e02ef8e8d465b878d1a,data/pilot_videos/universidad_lima/IMG_1565.MOV,location_metadata_removed,true,true,raw/universidad_lima/IMG_1565.MOV
VID_005,IMG_1566.MOV,.MOV,data/pilot_videos/universidad_lima/IMG_1566.MOV,458909997,458.909997,0.458909997,3840x2160,3840x2160,29.999302828,29.999303818,143.47,4304,HEVC/H.265,hvc1,true,aac;apac,landscape,0,24948216,25589182.24,2026-09-10T15:00:08-05:00,2026-09-10T15:00:08-05:00,2026-09-10T15:00:08-0500,e85a91e909ea472611a19427e32b78a73aceea89fe9a759b1751da003e3e335e,true,true,,0,143.43666666666667,0.03166666666666629,0.035000000000003695,0,,true,Universidad de Lima,"Acceso a edificio, plaza y pasillo lateral a un módulo",,árbol y cubierta ocultan tramos del recorrido; una detención frente al módulo no demuestra interacción comercial.,distribution_verified_staged,,confirmed,confirmed,confirmed,confirmed,confirmed,confirmed,not_observed,medio,baja,Deriva y ajustes de orientación,medium,medium,candidate,elevada,not_annotated,not_annotated,user_confirmed,José Ortega,Captura propia para Proyecto LAP,933a5ec5e70682391037753fb7df0336a0d633fbe5320f30611a05ee6e175b5c,e85a91e909ea472611a19427e32b78a73aceea89fe9a759b1751da003e3e335e,data/pilot_videos/universidad_lima/IMG_1566.MOV,location_metadata_removed,true,true,raw/universidad_lima/IMG_1566.MOV
VID_006,IMG_1567.MOV,.MOV,data/pilot_videos/universidad_lima/IMG_1567.MOV,581907814,581.907814,0.581907814,3840x2160,3840x2160,29.999174183,29.999174118,181.67,5450,HEVC/H.265,hvc1,true,aac;apac,landscape,0,24986864,25624828.051,2026-09-10T15:03:16-05:00,2026-09-10T15:03:16-05:00,2026-09-10T15:03:16-0500,47b8415502d49d9ff6ecf6f2363ea6e39b87379a5c688cbd80ee61857f7f06ae,true,true,,0,181.63833333333332,0.03166666666666629,0.03500000000000014,0,,true,Universidad de Lima,"Plaza, módulo, bancos, escaleras y obra al fondo",,"agrupación junto al módulo sin fila inequívoca; queue = uncertain. Cámara, vegetación y varios niveles limitan continuidad.",distribution_verified_staged,,confirmed,confirmed,confirmed,confirmed,confirmed,confirmed,uncertain,medio,baja,Movimiento y reencuadre más marcados al final,medium,medium,candidate,elevada,not_annotated,not_annotated,user_confirmed,José Ortega,Captura propia para Proyecto LAP,ebb28127ceb8ffebdcf4134bdd7895612135dc0c1681ef0e2bd8a40894d3cff1,47b8415502d49d9ff6ecf6f2363ea6e39b87379a5c688cbd80ee61857f7f06ae,data/pilot_videos/universidad_lima/IMG_1567.MOV,location_metadata_removed,true,true,raw/universidad_lima/IMG_1567.MOV
VID_007,IMG_1568.MOV,.MOV,data/pilot_videos/universidad_lima/IMG_1568.MOV,584940004,584.940004,0.584940004,3840x2160,3840x2160,29.999177804,29.999177933,182.47,5474,HEVC/H.265,hvc1,true,aac;apac,landscape,0,25008456,25645421.34,2026-09-10T15:06:46-05:00,2026-09-10T15:06:46-05:00,2026-09-10T15:06:46-0500,d7216d300efd2112860ce9b8405b9714a9af2a1a456738f90c61fc3ae4daa2b0,true,true,,0,182.43833333333333,0.03166666666666629,0.03500000000000014,0,,true,Universidad de Lima,"Plaza, accesos, escaleras, bancos y estructuras verticales",,recorridos próximos relativamente visibles; estructuras verticales y reencuadre limitan el uso directo de una ROI fija.,distribution_verified_staged,,confirmed,confirmed,confirmed,confirmed,confirmed,confirmed,not_observed,medio,baja,Reencuadre perceptible en el tramo intermedio,medium,medium,candidate,elevada,not_annotated,not_annotated,user_confirmed,José Ortega,Captura propia para Proyecto LAP,f4c2865d722c3fc493d52c29d46a174a87dd56e1c1d9ca62debf0a7906886351,d7216d300efd2112860ce9b8405b9714a9af2a1a456738f90c61fc3ae4daa2b0,data/pilot_videos/universidad_lima/IMG_1568.MOV,location_metadata_removed,true,true,raw/universidad_lima/IMG_1568.MOV
VID_008,IMG_1555.MOV,.MOV,data/pilot_videos/universidad_lima/IMG_1555.MOV,606979118,606.979118,0.606979118,3840x2160,3840x2160,29.999206090170514,29.99920654296875,188.97,5669,HEVC/H.265,hvc1,true,aac;apac,landscape,0,25043098,25696316.57935122,2026-09-10T14:11:42-05:00,2026-09-10T14:11:42-05:00,2026-09-10T14:11:42-0500,c14f5a72691a40d6b260a3d3d0e057cc6337a89159f2b8b6ef30489965bed2d3,true,true,,0,188.93833333333333,0.03166666666666629,0.0350000000000108,0,,true,Universidad de Lima,"Plaza exterior con senderos, escaleras, jardines y pérgolas entre edificios",,"Circulación recurrente y presencia junto a conos; pérgolas, vegetación y movimiento de cámara limitan continuidad. No se observa una fila.",distribution_verified_staged,,confirmed,confirmed,confirmed,confirmed,confirmed,confirmed,not_observed,medio,baja,"Movimiento leve, deriva y cambios de inclinación",medium,medium,candidate,elevada,not_annotated,not_annotated,user_confirmed,José Ortega,Captura propia para Proyecto LAP,7725526ca384b7433b9e58e349f310254d8dd9654e4c8358cc3e12f6a24c861d,c14f5a72691a40d6b260a3d3d0e057cc6337a89159f2b8b6ef30489965bed2d3,data/pilot_videos/universidad_lima/IMG_1555.MOV,location_metadata_removed,true,true,raw/universidad_lima/IMG_1555.MOV
VID_009,IMG_1569.mov,.mov,data/pilot_videos/jockey_plaza/IMG_1569.mov,193274016,193.274016,0.193274016,3840x2160,3840x2160,29.99910236079112,29.999103546142578,55.735,1672,HEVC/H.265,hvc1,true,aac;apac,landscape,0,27100372,27741852.12164708,2026-09-11T11:34:10.054548-05:00,2026-09-11T11:34:10.260381-05:00,2026-09-10T15:28:02-0500,5c5b61402208242affda7838b6c386d0f36a0e2d76be0b03d29e98fda4dd97a8,true,true,,0,55.70166666666667,0.03166666666666629,0.035000000000003695,0,,true,Jockey Plaza,"Interior comercial con patio de comidas, mesas y corredor de circulación",,"Paneo amplio y retorno; oclusiones por columnas, árboles, mesas y personas. Posible fila no resoluble en sectores de mostradores; queue uncertain. Pantallas publicitarias cambiantes como distractores.",distribution_verified_staged,,confirmed,confirmed,confirmed,uncertain,confirmed,confirmed,uncertain,medio,media,"Movimiento relevante: paneo lateral, inclinación y retorno al corredor",low,low,candidate,elevada,not_annotated,not_annotated,user_confirmed,José Ortega,Captura propia para Proyecto LAP,cff652159f28a8c3072efb2b9b06791bcaf606e39d8d45c10b8a43e3e9f071d8,5c5b61402208242affda7838b6c386d0f36a0e2d76be0b03d29e98fda4dd97a8,data/pilot_videos/jockey_plaza/IMG_1569.mov,location_metadata_removed,true,true,raw/jockey_plaza/IMG_1569.mov
